Model,Accuracy,Time,Size,Memory,Score,Rank
DialoGPT,0.88,140,500,2.3,0.4038338822343754,3.0
BlenderBot,0.91,160,600,2.6,0.162086065647148,4.0
GPT-2,0.85,110,350,1.9,0.7946233611819546,1.0
FLAN-T5,0.93,150,480,2.2,0.46623399983775665,2.0
